Age (x),Indonesia
0,6.92E-05
1,3.73E-06
5,3.40E-06
15,7.59E-06
25,1.03E-05
35,1.76E-05
45,3.86E-05
55,9.72E-05
65,0.000248794
75,0.000652213
